{"r2": 0.5567552232641866, "mae": 31.547760459392947, "feature_importance": {"_type": "image-file", "path": "media/images/feature_importance_0_98c39ebb.png", "sha256": "98c39ebb581f9d7bd2b4ad504e3ae1f517ec4246330b1775a44ba88d038d3ea1", "size": 33302, "format": "png", "width": 1000, "height": 1000}, "_runtime": 14, "_timestamp": 1670795556, "_step": 0}