{"r2": 0.5577253446461755, "mae": 31.43408326497129, "feature_importance": {"_type": "image-file", "path": "media/images/feature_importance_0_57564a4e.png", "sha256": "57564a4ea6fa30f5a29e501073a0e211a47dac27873b5b148f464b6f419f8270", "size": 33865, "format": "png", "width": 1000, "height": 1000}, "_runtime": 11, "_timestamp": 1670795266, "_step": 0}