{"r2": 0.5605820037519968, "mae": 31.284700574241185, "feature_importance": {"_type": "image-file", "path": "media/images/feature_importance_0_211c2440.png", "sha256": "211c24403b3f885aed8259f62d963d069a37b464ec706ba66762b22eb135e8bb", "size": 33864, "format": "png", "width": 1000, "height": 1000}, "_runtime": 8, "_timestamp": 1670795211, "_step": 0}