{"r2": 0.5593249946936507, "mae": 31.4739807219032, "feature_importance": {"_type": "image-file", "path": "media/images/feature_importance_0_fa13519b.png", "sha256": "fa13519b67c296af9b10183644bccb9da02dca0ab011011f037536995c7e521c", "size": 33872, "format": "png", "width": 1000, "height": 1000}, "_runtime": 15, "_timestamp": 1670795438, "_step": 0}