{"r2": 0.44315934063357343, "mae": 35.23150123051681, "feature_importance": {"_type": "image-file", "path": "media/images/feature_importance_0_4a4dda87.png", "sha256": "4a4dda8748297ffdd581a53400c7c2ef00c090ee0281b35ecf9fc373e76aafaf", "size": 33329, "format": "png", "width": 1000, "height": 1000}, "_runtime": 4, "_timestamp": 1670795669, "_step": 0}