{"r2": 0.5109282161788335, "mae": 32.78371616078753, "feature_importance": {"_type": "image-file", "path": "media/images/feature_importance_0_b4ee5dce.png", "sha256": "b4ee5dce22e2d8c506209da167060de0ff1a5b35106c9ebadbc8e1aabf53b4e0", "size": 33343, "format": "png", "width": 1000, "height": 1000}, "_runtime": 5, "_timestamp": 1670795056, "_step": 0}