{"r2": 0.3236369789774085, "mae": 39.4304881050041, "feature_importance": {"_type": "image-file", "path": "media/images/feature_importance_0_f7a77fce.png", "sha256": "f7a77fce0634b3a3312f991254f01e2a335d16ceed3f3de24fdbd71701004ede", "size": 33891, "format": "png", "width": 1000, "height": 1000}, "_runtime": 6, "_timestamp": 1670795726, "_step": 0}