{"r2": 0.5581749764103827, "mae": 31.62538351107465, "feature_importance": {"_type": "image-file", "path": "media/images/feature_importance_0_9f304ab7.png", "sha256": "9f304ab7c66a06647f37f14231366d10a3c4dfa784239b44097a8d1e87bfebfe", "size": 33306, "format": "png", "width": 1000, "height": 1000}, "_runtime": 19, "_timestamp": 1670795621, "_step": 0}