{"r2": 0.49324700963452905, "mae": 33.45164273995078, "feature_importance": {"_type": "image-file", "path": "media/images/feature_importance_0_2341cda1.png", "sha256": "2341cda1bada28ba877d2cbd0f1d3f5b46707fd88ca0a7b3cf6ae36c928d5639", "size": 33348, "format": "png", "width": 1000, "height": 1000}, "_runtime": 6, "_timestamp": 1670795093, "_step": 0}