{"r2": 0.5610557744681566, "mae": 31.46137612797375, "feature_importance": {"_type": "image-file", "path": "media/images/feature_importance_0_ff08661a.png", "sha256": "ff08661a53915bdfc0679e5cff61a9924a367925f010fde4cfd5bd42b15fa946", "size": 33315, "format": "png", "width": 1000, "height": 1000}, "_runtime": 13, "_timestamp": 1670795494, "_step": 0}