{"r2": 0.4111485333507987, "mae": 36.30542042657917, "feature_importance": {"_type": "image-file", "path": "media/images/feature_importance_0_023a2b4e.png", "sha256": "023a2b4ebf7bc8a619bdf582485aff39577084ba21e723d057a00f132289c92b", "size": 33349, "format": "png", "width": 1000, "height": 1000}, "_runtime": 5, "_timestamp": 1670795699, "_step": 0}