{"r2": 0.5613787727831882, "mae": 31.306792452830184, "feature_importance": {"_type": "image-file", "path": "media/images/feature_importance_0_6f369fd5.png", "sha256": "6f369fd51ae00e2931eb0b2cadc6d003df0f1ec467d492027a1d8a5fa479d417", "size": 33324, "format": "png", "width": 1000, "height": 1000}, "_runtime": 10, "_timestamp": 1670795318, "_step": 0}