{"r2": 0.5630087234158279, "mae": 31.236667350287117, "feature_importance": {"_type": "image-file", "path": "media/images/feature_importance_0_faa704e3.png", "sha256": "faa704e30f1454054f60908dd0dc53469f54f564271e8dcffef3d9561ea6de79", "size": 33866, "format": "png", "width": 1000, "height": 1000}, "_runtime": 11, "_timestamp": 1670795376, "_step": 0}