{"r2": 0.5617730225110027, "mae": 31.23592493847416, "feature_importance": {"_type": "image-file", "path": "media/images/feature_importance_0_2214808f.png", "sha256": "2214808f910035bd42bad2ee6f11efc9e18385e4a71dae33df953a28d6a4fab3", "size": 33339, "format": "png", "width": 1000, "height": 1000}, "_runtime": 8, "_timestamp": 1670795158, "_step": 0}