{"r2": 0.5156180639117736, "mae": 32.54811525840854, "feature_importance": {"_type": "image-file", "path": "media/images/feature_importance_0_443dc091.png", "sha256": "443dc091f00c6a9d3bf07056f375987da1dcfab931bce5f73cfa45bbc3639aba", "size": 33876, "format": "png", "width": 1000, "height": 1000}, "_runtime": 6, "_timestamp": 1670795124, "_step": 0}